<?xml version="1.0" encoding="UTF-8"?>
<GenRun Id="impl_1" LaunchPart="xc7a35ticpg236-1L" LaunchTime="1679007105">
  <File Type="BITSTR-BMM" Name="game_bd.bmm"/>
  <File Type="OPT-METHODOLOGY-DRC" Name="game_methodology_drc_opted.rpt"/>
  <File Type="INIT-TIMING" Name="game_timing_summary_init.rpt"/>
  <File Type="ROUTE-PWR" Name="game_power_routed.rpt"/>
  <File Type="PA-TCL" Name="game.tcl"/>
  <File Type="OPT-TIMING" Name="game_timing_summary_opted.rpt"/>
  <File Type="OPT-DCP" Name="game_opt.dcp"/>
  <File Type="ROUTE-PWR-SUM" Name="game_power_summary_routed.pb"/>
  <File Type="REPORTS-TCL" Name="game_reports.tcl"/>
  <File Type="OPT-DRC" Name="game_drc_opted.rpt"/>
  <File Type="OPT-HWDEF" Name="game.hwdef"/>
  <File Type="PWROPT-DCP" Name="game_pwropt.dcp"/>
  <File Type="PWROPT-DRC" Name="game_drc_pwropted.rpt"/>
  <File Type="PWROPT-TIMING" Name="game_timing_summary_pwropted.rpt"/>
  <File Type="PLACE-DCP" Name="game_placed.dcp"/>
  <File Type="PLACE-IO" Name="game_io_placed.rpt"/>
  <File Type="PLACE-CLK" Name="game_clock_utilization_placed.rpt"/>
  <File Type="PLACE-UTIL" Name="game_utilization_placed.rpt"/>
  <File Type="PLACE-UTIL-PB" Name="game_utilization_placed.pb"/>
  <File Type="PLACE-CTRL" Name="game_control_sets_placed.rpt"/>
  <File Type="PLACE-SIMILARITY" Name="game_incremental_reuse_placed.rpt"/>
  <File Type="PLACE-PRE-SIMILARITY" Name="game_incremental_reuse_pre_placed.rpt"/>
  <File Type="PLACE-TIMING" Name="game_timing_summary_placed.rpt"/>
  <File Type="POSTPLACE-PWROPT-DCP" Name="game_postplace_pwropt.dcp"/>
  <File Type="BG-BIN" Name="game.bin"/>
  <File Type="POSTPLACE-PWROPT-TIMING" Name="game_timing_summary_postplace_pwropted.rpt"/>
  <File Type="PHYSOPT-DCP" Name="game_physopt.dcp"/>
  <File Type="PHYSOPT-DRC" Name="game_drc_physopted.rpt"/>
  <File Type="BITSTR-MSK" Name="game.msk"/>
  <File Type="PHYSOPT-TIMING" Name="game_timing_summary_physopted.rpt"/>
  <File Type="ROUTE-ERROR-DCP" Name="game_routed_error.dcp"/>
  <File Type="ROUTE-DCP" Name="game_routed.dcp"/>
  <File Type="ROUTE-BLACKBOX-DCP" Name="game_routed_bb.dcp"/>
  <File Type="ROUTE-DRC" Name="game_drc_routed.rpt"/>
  <File Type="ROUTE-DRC-PB" Name="game_drc_routed.pb"/>
  <File Type="ROUTE-DRC-RPX" Name="game_drc_routed.rpx"/>
  <File Type="BITSTR-MMI" Name="game.mmi"/>
  <File Type="ROUTE-METHODOLOGY-DRC" Name="game_methodology_drc_routed.rpt"/>
  <File Type="ROUTE-METHODOLOGY-DRC-RPX" Name="game_methodology_drc_routed.rpx"/>
  <File Type="ROUTE-METHODOLOGY-DRC-PB" Name="game_methodology_drc_routed.pb"/>
  <File Type="ROUTE-PWR-RPX" Name="game_power_routed.rpx"/>
  <File Type="ROUTE-STATUS" Name="game_route_status.rpt"/>
  <File Type="ROUTE-STATUS-PB" Name="game_route_status.pb"/>
  <File Type="ROUTE-TIMINGSUMMARY" Name="game_timing_summary_routed.rpt"/>
  <File Type="ROUTE-TIMING-PB" Name="game_timing_summary_routed.pb"/>
  <File Type="ROUTE-TIMING-RPX" Name="game_timing_summary_routed.rpx"/>
  <File Type="ROUTE-SIMILARITY" Name="game_incremental_reuse_routed.rpt"/>
  <File Type="ROUTE-CLK" Name="game_clock_utilization_routed.rpt"/>
  <File Type="ROUTE-BUS-SKEW" Name="game_bus_skew_routed.rpt"/>
  <File Type="ROUTE-BUS-SKEW-PB" Name="game_bus_skew_routed.pb"/>
  <File Type="ROUTE-BUS-SKEW-RPX" Name="game_bus_skew_routed.rpx"/>
  <File Type="POSTROUTE-PHYSOPT-DCP" Name="game_postroute_physopt.dcp"/>
  <File Type="POSTROUTE-PHYSOPT-BLACKBOX-DCP" Name="game_postroute_physopt_bb.dcp"/>
  <File Type="POSTROUTE-PHYSOPT-TIMING" Name="game_timing_summary_postroute_physopted.rpt"/>
  <File Type="POSTROUTE-PHYSOPT-TIMING-PB" Name="game_timing_summary_postroute_physopted.pb"/>
  <File Type="POSTROUTE-PHYSOPT-TIMING-RPX" Name="game_timing_summary_postroute_physopted.rpx"/>
  <File Type="POSTROUTE-PHYSOPT-BUS-SKEW" Name="game_bus_skew_postroute_physopted.rpt"/>
  <File Type="POSTROUTE-PHYSOPT-BUS-SKEW-PB" Name="game_bus_skew_postroute_physopted.pb"/>
  <File Type="BG-BIT" Name="game.bit"/>
  <File Type="POSTROUTE-PHYSOPT-BUS-SKEW-RPX" Name="game_bus_skew_postroute_physopted.rpx"/>
  <File Type="BITSTR-RBT" Name="game.rbt"/>
  <File Type="BITSTR-NKY" Name="game.nky"/>
  <File Type="PDI-FILE" Name="game.pdi"/>
  <File Type="RCFI_FILE" Name="game.rcfi"/>
  <File Type="CFI_FILE" Name="game.cfi"/>
  <File Type="RNPI_FILE" Name="game.rnpi"/>
  <File Type="NPI_FILE" Name="game.npi"/>
  <File Type="RBD_FILE" Name="game.rbd"/>
  <File Type="BITSTR-LTX" Name="debug_nets.ltx"/>
  <File Type="BITSTR-LTX" Name="game.ltx"/>
  <File Type="BITSTR-SYSDEF" Name="game.sysdef"/>
  <File Type="BG-BGN" Name="game.bgn"/>
  <File Type="BG-DRC" Name="game.drc"/>
  <File Type="RDI-RDI" Name="game.vdi"/>
  <File Type="WBT-USG" Name="usage_statistics_webtalk.html"/>
  <FileSet Name="sources" Type="DesignSrcs" RelSrcDir="$PSRCDIR/sources_1">
    <Filter Type="Srcs"/>
    <File Path="$PPRDIR/final proj design source files/sseg_dec.v">
      <FileInfo>
        <Attr Name="UsedIn" Val="synthesis"/>
        <Attr Name="UsedIn" Val="implementation"/>
        <Attr Name="UsedIn" Val="simulation"/>
      </FileInfo>
    </File>
    <File Path="$PPRDIR/final proj design source files/RandGen.sv">
      <FileInfo>
        <Attr Name="UsedIn" Val="synthesis"/>
        <Attr Name="UsedIn" Val="implementation"/>
        <Attr Name="UsedIn" Val="simulation"/>
      </FileInfo>
    </File>
    <File Path="$PPRDIR/final proj design source files/clk_div2.sv">
      <FileInfo>
        <Attr Name="UsedIn" Val="synthesis"/>
        <Attr Name="UsedIn" Val="implementation"/>
        <Attr Name="UsedIn" Val="simulation"/>
      </FileInfo>
    </File>
    <File Path="$PPRDIR/../inclasscounter.sv">
      <FileInfo>
        <Attr Name="UsedIn" Val="synthesis"/>
        <Attr Name="UsedIn" Val="implementation"/>
        <Attr Name="UsedIn" Val="simulation"/>
      </FileInfo>
    </File>
    <File Path="$PPRDIR/final proj design source files/game.sv">
      <FileInfo>
        <Attr Name="UsedIn" Val="synthesis"/>
        <Attr Name="UsedIn" Val="implementation"/>
        <Attr Name="UsedIn" Val="simulation"/>
      </FileInfo>
    </File>
    <File Path="$PPRDIR/../../Downloads/inclasscounter.sv">
      <FileInfo>
        <Attr Name="AutoDisabled" Val="1"/>
        <Attr Name="UsedIn" Val="synthesis"/>
        <Attr Name="UsedIn" Val="implementation"/>
        <Attr Name="UsedIn" Val="simulation"/>
      </FileInfo>
    </File>
    <File Path="$PPRDIR/../sseg_dec.v">
      <FileInfo>
        <Attr Name="AutoDisabled" Val="1"/>
        <Attr Name="UsedIn" Val="synthesis"/>
        <Attr Name="UsedIn" Val="implementation"/>
        <Attr Name="UsedIn" Val="simulation"/>
      </FileInfo>
    </File>
    <File Path="$PPRDIR/../RandGen.sv">
      <FileInfo>
        <Attr Name="AutoDisabled" Val="1"/>
        <Attr Name="UsedIn" Val="synthesis"/>
        <Attr Name="UsedIn" Val="implementation"/>
        <Attr Name="UsedIn" Val="simulation"/>
      </FileInfo>
    </File>
    <File Path="$PPRDIR/../clk_div2.sv">
      <FileInfo>
        <Attr Name="AutoDisabled" Val="1"/>
        <Attr Name="UsedIn" Val="synthesis"/>
        <Attr Name="UsedIn" Val="implementation"/>
        <Attr Name="UsedIn" Val="simulation"/>
      </FileInfo>
    </File>
    <File Path="$PPRDIR/../game.sv">
      <FileInfo>
        <Attr Name="AutoDisabled" Val="1"/>
        <Attr Name="UsedIn" Val="synthesis"/>
        <Attr Name="UsedIn" Val="implementation"/>
        <Attr Name="UsedIn" Val="simulation"/>
      </FileInfo>
    </File>
    <Config>
      <Option Name="DesignMode" Val="RTL"/>
      <Option Name="TopModule" Val="game"/>
      <Option Name="TopAutoSet" Val="TRUE"/>
    </Config>
  </FileSet>
  <FileSet Name="constrs_in" Type="Constrs" RelSrcDir="$PSRCDIR/constrs_1">
    <Filter Type="Constrs"/>
    <File Path="$PPRDIR/../Basys3_constraints.xdc">
      <FileInfo>
        <Attr Name="UsedIn" Val="synthesis"/>
        <Attr Name="UsedIn" Val="implementation"/>
      </FileInfo>
    </File>
    <Config>
      <Option Name="ConstrsType" Val="XDC"/>
    </Config>
  </FileSet>
  <FileSet Name="utils" Type="Utils" RelSrcDir="$PSRCDIR/utils_1">
    <Filter Type="Utils"/>
    <Config>
      <Option Name="TopAutoSet" Val="TRUE"/>
    </Config>
  </FileSet>
  <Strategy Version="1" Minor="2">
    <StratHandle Name="Vivado Implementation Defaults" Flow="Vivado Implementation 2020"/>
    <Step Id="init_design"/>
    <Step Id="opt_design"/>
    <Step Id="power_opt_design"/>
    <Step Id="place_design"/>
    <Step Id="post_place_power_opt_design"/>
    <Step Id="phys_opt_design"/>
    <Step Id="route_design"/>
    <Step Id="post_route_phys_opt_design"/>
    <Step Id="write_bitstream"/>
  </Strategy>
</GenRun>
